{
    "best_rmse": 5.384600604094888,
    "fold_scores_initial": [
        5.164969940565853,
        5.424657655072724,
        5.7848164162772555,
        5.128541778275766,
        5.420017230282836
    ],
    "fold_scores_best_params": [
        5.164969940565853,
        5.424657655072724,
        5.7848164162772555,
        5.128541778275766,
        5.420017230282836
    ],
    "trial_scores": [
        5.384600604094888,
        5.6645319272894294,
        5.884475092418766,
        5.6194155415983635,
        5.509726474201822,
        5.432242408663723,
        5.442274841590976,
        5.773706387877674,
        5.839638448477862,
        5.473275770282732,
        5.905963234298379,
        5.530900050011388,
        5.7052082058803695,
        5.44371224462413,
        5.817020283004479,
        5.781904514357754,
        5.420455315012552,
        5.713331027772329,
        5.5161979856460945,
        5.678113550157358
    ],
    "n_splits": 5,
    "n_trials": 20
}