{
    "best_rmse": 5.447527447189126,
    "fold_scores_initial": [
        5.6142320972885,
        5.335363778436472,
        5.71585415015125,
        5.605230758171947,
        4.966956451897459
    ],
    "fold_scores_best_params": [
        5.6142320972885,
        5.335363778436472,
        5.71585415015125,
        5.605230758171947,
        4.966956451897459
    ],
    "trial_scores": [
        5.628952384949584,
        5.927232673933818,
        5.773055121952003,
        5.5481965528495705,
        5.712047999976106,
        5.836623604997005,
        5.975774186283099,
        5.679892165203029,
        5.869727638573634,
        5.4758194906288695,
        5.890502072913746,
        5.688499918620807,
        5.5539907660011325,
        5.5225082305856565,
        5.546689059741409,
        5.503015503634193,
        5.447527447189126,
        5.467615745240387,
        5.479078316034681,
        5.451173611090368
    ],
    "n_splits": 5,
    "n_trials": 20
}