{
    "best_rmse": 5.396016870820636,
    "fold_scores_initial": [
        5.4694156714053666,
        5.659037457860066,
        5.522059495645527,
        5.327347793233741,
        5.002223935958481
    ],
    "fold_scores_best_params": [
        5.4694156714053666,
        5.659037457860066,
        5.522059495645527,
        5.327347793233741,
        5.002223935958481
    ],
    "trial_scores": [
        5.538519777351921,
        5.47834222680212,
        5.6534849655580235,
        5.569114764326526,
        5.639001650315637,
        5.459574803687401,
        5.423253205460194,
        5.57815951392932,
        5.558563227211311,
        5.561917924023385,
        5.455545775237257,
        5.494868318446105,
        5.442789384554895,
        5.398361289860558,
        5.398460920322172,
        5.396016870820636,
        5.631973553934749,
        5.552187947882637,
        5.598338471227089,
        5.59028747522696
    ],
    "n_splits": 5,
    "n_trials": 20
}