{
    "best_rmse": 5.482310686879325,
    "fold_scores_initial": [
        5.635472377034091,
        5.342341587548314,
        5.970425484604345,
        5.149493247704954,
        5.31382073750492
    ],
    "fold_scores_best_params": [
        5.635472377034091,
        5.342341587548314,
        5.970425484604345,
        5.149493247704954,
        5.31382073750492
    ],
    "trial_scores": [
        5.482310686879325,
        5.721693415997432,
        6.225182875545596,
        6.0052200940116975,
        5.664133575420481,
        5.92147482220827,
        6.170503879948873,
        5.990456595589391,
        5.627067300386146,
        5.960976114914746,
        5.602572091768687,
        5.628421875095198,
        5.6736375539303365,
        5.661886696281991,
        6.007865026995377,
        5.554740392473313,
        5.630358118797014,
        5.615838158967223,
        5.7241273116522695,
        5.82284853469749
    ],
    "n_splits": 5,
    "n_trials": 20
}