{
    "best_rmse": 5.537569195892866,
    "fold_scores_initial": [
        5.009754867360359,
        5.704304401468531,
        5.908017016692962,
        5.831618815246261,
        5.234150878696217
    ],
    "fold_scores_best_params": [
        5.009754867360359,
        5.704304401468531,
        5.908017016692962,
        5.831618815246261,
        5.234150878696217
    ],
    "trial_scores": [
        6.084611539988403,
        5.804886138413287,
        5.689270631454521,
        5.742900432192837,
        6.3182244441069795,
        5.588456761391821,
        5.7749624261896635,
        5.653422109406085,
        5.903116475428016,
        5.593308730824097,
        5.537569195892866,
        6.5079663258629425,
        6.004847315900669,
        5.642075327432628,
        6.087233210577269,
        5.697099562568916,
        5.945510122918549,
        6.241723869275315,
        5.899111219038655,
        5.769999495810014
    ],
    "n_splits": 5,
    "n_trials": 20
}