{
    "learning_rate": 0.006667153956457037,
    "max_depth": 9,
    "min_child_weight": 13,
    "subsample": 0.6208487264357825,
    "colsample_bytree": 0.7234261631876282,
    "gamma": 1.2468626416848405,
    "reg_alpha": 0.3156818601822105,
    "reg_lambda": 1.8525329418142489,
    "n_estimators": 681
}