{
    "best_rmse": 5.825408513898897,
    "fold_scores_initial": [
        5.681295959596756,
        5.9403716444175325,
        6.720635832230164,
        5.684422474497451,
        5.100316658752584
    ],
    "fold_scores_best_params": [
        5.681295959596756,
        5.9403716444175325,
        6.720635832230164,
        5.684422474497451,
        5.100316658752584
    ],
    "trial_scores": [
        5.895211832548485,
        6.434284012599823,
        6.255669118485315,
        6.307827009296753,
        6.265018256043119,
        6.204033753166773,
        6.191501834394124,
        6.16292964854496,
        6.386571777800256,
        6.4720611347371815,
        5.840534219761307,
        5.924576843762726,
        5.834775216813045,
        6.381936961454184,
        6.17049279258042,
        6.2332385106595165,
        5.825408513898897,
        6.228107717825316,
        6.1744902747308315,
        6.219992791183511
    ],
    "n_splits": 5,
    "n_trials": 20
}