{
  "predictions": [
    2.1040031171779248,
    1.173550141570928,
    2.508335149521275,
    10.81585692941746,
    9.177003747240157,
    12.823037239383295,
    7.73126910739297,
    9.671422796194793,
    8.675098831069608,
    9.747014903674057,
    5.96031225055399,
    9.434936334059323,
    4.62310511058592,
    8.044791941072361,
    7.389915426073427,
    7.533566861793666,
    7.478173891294147,
    5.533794645620176,
    9.532063562281897,
    3.8556700997236195,
    4.865626649756587,
    4.696641798082337,
    6.318374721041446,
    8.4269717427418,
    2.75683074013602,
    5.941126983829405,
    4.959628756978496,
    6.793472242784346,
    7.002356831031093,
    6.2552092697005905,
    5.164857324869191,
    5.574003987367146,
    5.5717502169854844,
    6.598509049437098,
    3.9340234550744673,
    9.058429261913112,
    3.458747261919275,
    6.6656166129096555,
    4.774233135357978,
    4.500887461813141,
    4.619028922854399,
    6.4436401272255885,
    5.8376640310374714,
    6.610348065786287,
    5.300698099450541,
    6.211961769721812,
    6.312904083678764
  ],
  "true_labels": [
    2.0,
    3.0,
    0.0,
    22.0,
    15.0,
    21.0,
    1.0,
    1.0,
    1.0,
    18.0,
    5.0,
    10.0,
    5.0,
    18.0,
    13.0,
    0.0,
    12.0,
    9.0,
    1.0,
    15.0,
    2.0,
    5.0,
    7.0,
    17.0,
    3.0,
    0.0,
    12.0,
    0.0,
    10.0,
    3.0,
    2.0,
    1.0,
    8.0,
    2.0,
    6.0,
    9.0,
    1.0,
    17.0,
    17.0,
    9.0,
    2.0,
    9.0,
    0.0,
    3.0,
    3.0,
    1.0,
    7.0
  ],
  "participant_ids": [
    0,
    1,
    2,
    3,
    4,
    5,
    6,
    7,
    8,
    9,
    10,
    11,
    12,
    13,
    14,
    15,
    16,
    17,
    18,
    19,
    20,
    21,
    22,
    23,
    24,
    25,
    26,
    27,
    28,
    29,
    30,
    31,
    32,
    33,
    34,
    35,
    36,
    37,
    38,
    39,
    40,
    41,
    42,
    43,
    44,
    45,
    46
  ],
  "n_samples": 47,
  "mae": 4.713724351141324,
  "rmse": 5.783973451502534
}