{
    "best_rmse": 5.478776990052741,
    "fold_scores_initial": [
        5.373941247235582,
        5.383206923813813,
        5.957015356991403,
        5.3952171625686685,
        5.2845042596542395
    ],
    "fold_scores_best_params": [
        5.373941247235582,
        5.383206923813813,
        5.957015356991403,
        5.3952171625686685,
        5.2845042596542395
    ],
    "trial_scores": [
        5.755863293783536,
        5.847689753769361,
        5.546736203207051,
        5.984233538429776,
        5.651871991436056,
        5.766496624160588,
        5.57788387628883,
        5.885213399239499,
        6.079210731584348,
        5.890327157585731,
        5.912061878857001,
        5.5771078491282715,
        5.531232595305679,
        5.614462878701583,
        5.734262165819864,
        5.608967172459924,
        5.923047342866367,
        5.715863619772548,
        5.478776990052741,
        5.697764112873671
    ],
    "n_splits": 5,
    "n_trials": 20
}