{
    "model_type": "Lasso",
    "k_features": 55,
    "best_alpha": 0.37649358067924676,
    "nonzero_coefs": 11,
    "selected_feature_indices": [
        19,
        23,
        28,
        208,
        210,
        215,
        216,
        217,
        218,
        227,
        229,
        234,
        237,
        270,
        281,
        286,
        415,
        819,
        823,
        1008,
        1011,
        1017,
        1029,
        1035,
        1038,
        1075,
        1081,
        1086,
        1101,
        1109,
        1112,
        1601,
        1619,
        1623,
        1628,
        1641,
        1802,
        1808,
        1809,
        1810,
        1811,
        1815,
        1817,
        1818,
        1827,
        1829,
        1838,
        1840,
        1844,
        1881,
        1886,
        1888,
        1912,
        2219,
        2437
    ],
    "cv_splits": 5,
    "random_state": 42,
    "created_at": "2025-12-05T14:08:01.495451"
}