{
    "best_rmse": 5.481993076475505,
    "fold_scores_initial": [
        5.334712929569118,
        5.804127680074996,
        5.817037514373486,
        5.278432377421124,
        5.175654880938805
    ],
    "fold_scores_best_params": [
        5.334712929569118,
        5.804127680074996,
        5.817037514373486,
        5.278432377421124,
        5.175654880938805
    ],
    "trial_scores": [
        5.785281688783821,
        6.556329356405944,
        5.819997265938797,
        5.7650599189794525,
        5.662930196907302,
        5.806943877669339,
        5.5259088721031135,
        6.000726109757464,
        5.549542471472027,
        5.848745529788863,
        5.481993076475505,
        5.570248050146917,
        5.613343969752056,
        5.60186042797968,
        5.784667244896083,
        5.703098934244289,
        5.595709436993104,
        5.76402808935953,
        5.700268412419959,
        5.941819662338862
    ],
    "n_splits": 5,
    "n_trials": 20
}