{
    "best_rmse": 5.163793819658383,
    "fold_scores_initial": [
        5.295036200017468,
        4.706887952974083,
        5.613438902998176,
        5.104868846962784,
        5.098737195339402
    ],
    "fold_scores_best_params": [
        5.295036200017468,
        4.706887952974083,
        5.613438902998176,
        5.104868846962784,
        5.098737195339402
    ],
    "trial_scores": [
        5.490012515041445,
        5.719481252160991,
        5.573055748932122,
        5.241703431746882,
        5.301194228247383,
        5.456160460734656,
        5.577792086339828,
        5.371896721221054,
        5.402262687077209,
        5.823625418048387,
        5.163793819658383,
        5.215500556811385,
        5.2549821172501066,
        5.235351272216036,
        5.22283404939332,
        5.500605607191304,
        5.239479384442616,
        5.315941994061825,
        5.276426385801748,
        5.308231410931503
    ],
    "n_splits": 5,
    "n_trials": 20
}