{
    "best_rmse": 5.4716367846223815,
    "fold_scores_initial": [
        5.55859283468439,
        5.934033482149961,
        5.388672624213799,
        5.486995848030271,
        4.989889134033485
    ],
    "fold_scores_best_params": [
        5.55859283468439,
        5.934033482149961,
        5.388672624213799,
        5.486995848030271,
        4.989889134033485
    ],
    "trial_scores": [
        5.948006203841471,
        5.497353281568437,
        6.189240055299359,
        5.629542867582989,
        6.19313750702621,
        5.522313342373394,
        5.56756393402121,
        5.8605949197035425,
        5.978991805062772,
        5.737239858130817,
        5.696006889113464,
        5.4716367846223815,
        5.624346732641689,
        5.679788520776938,
        5.580345392640894,
        6.036371842622055,
        5.564463396960749,
        5.736046183557605,
        5.660745504667432,
        5.6665426200908415
    ],
    "n_splits": 5,
    "n_trials": 20
}