{
    "best_rmse": 5.574322177065528,
    "fold_scores_initial": [
        5.615460878673553,
        5.301037920969544,
        5.883776030167767,
        5.558432940754101,
        5.512903114762677
    ],
    "fold_scores_best_params": [
        5.615460878673553,
        5.301037920969544,
        5.883776030167767,
        5.558432940754101,
        5.512903114762677
    ],
    "trial_scores": [
        5.690654672004268,
        5.625971069479637,
        5.8576740043867455,
        5.7504196564208865,
        5.763840375413193,
        5.921293593552515,
        5.8111775686645775,
        5.74256363720042,
        5.8365779225096635,
        5.578728747434042,
        5.621640138482396,
        5.61083271182167,
        5.597538128060053,
        5.70365449351155,
        5.700614581724392,
        5.706147867955808,
        5.7145638585217196,
        5.619207754149061,
        5.780585847857013,
        5.574322177065528
    ],
    "n_splits": 5,
    "n_trials": 20
}