{
    "best_rmse": 5.684112297806248,
    "fold_scores_initial": [
        5.8222917426287575,
        5.894710122437486,
        6.327970366286069,
        5.481254257817549,
        4.894334999861379
    ],
    "fold_scores_best_params": [
        5.8222917426287575,
        5.894710122437486,
        6.327970366286069,
        5.481254257817549,
        4.894334999861379
    ],
    "trial_scores": [
        6.215230458639075,
        5.76812246343817,
        5.8817076614121415,
        6.0003002429334815,
        6.309957491342745,
        6.051097196803452,
        6.093278693459534,
        5.831984925881101,
        5.684112297806248,
        5.882123266841104,
        6.134652543656599,
        5.743837745679437,
        5.717194488537299,
        5.815904173423488,
        5.947253205560694,
        5.967190886493538,
        5.764438374742115,
        5.924869425397281,
        5.910393931324517,
        5.878018047318831
    ],
    "n_splits": 5,
    "n_trials": 20
}