{
    "best_rmse": 5.389182078087828,
    "fold_scores_initial": [
        5.448930593192742,
        5.132721358091933,
        5.883982102839774,
        5.255331228118861,
        5.2249451081958265
    ],
    "fold_scores_best_params": [
        5.448930593192742,
        5.132721358091933,
        5.883982102839774,
        5.255331228118861,
        5.2249451081958265
    ],
    "trial_scores": [
        5.6467955458946175,
        5.935371430833219,
        6.173152816067798,
        5.7834396752619295,
        5.927398591256827,
        6.093235098601169,
        6.044289706958895,
        5.718452448227816,
        5.691155858512589,
        5.585259505336332,
        6.13890352078464,
        5.5908105349151285,
        5.45083008594101,
        5.631581914927628,
        5.7306171167171955,
        5.598736423020663,
        5.617548774697863,
        5.769065110681342,
        5.578957207551863,
        5.389182078087828
    ],
    "n_splits": 5,
    "n_trials": 20
}