{
    "best_rmse": 5.376572133314875,
    "fold_scores_initial": [
        5.093898343699606,
        5.118093464253087,
        5.84331854283192,
        5.38952156138604,
        5.438028754403722
    ],
    "fold_scores_best_params": [
        5.093898343699606,
        5.118093464253087,
        5.84331854283192,
        5.38952156138604,
        5.438028754403722
    ],
    "trial_scores": [
        5.403013658688653,
        5.387743226887631,
        5.782285442972522,
        5.563692675509802,
        5.763043618404311,
        5.513586011456435,
        5.673316473383073,
        5.584715620071206,
        5.567549188088797,
        5.686728930426327,
        5.636037236323634,
        5.376572133314875,
        5.452308040815572,
        5.489032419320475,
        5.463331680134787,
        5.529188790416046,
        5.39085457441283,
        5.58034049664336,
        5.398061375678967,
        5.630063170501175
    ],
    "n_splits": 5,
    "n_trials": 20
}